Top queries,Clicks,Impressions,CTR,Position
restory release date,2,19,10.53%,3.26
woman simulator,1,270,0.37%,7.7
upcoming ios games 2026,1,10,10%,4.7
igdb,1,1,100%,65
ontos release date,0,45,0%,9.76
auto snakes in outer space,0,20,0%,6.1
tr-49,0,16,0%,6.12
orbitals game release date,0,16,0%,10
rat game 2026,0,14,0%,9.86
tr-49 game,0,11,0%,14.73
"""pripyat 0"" game",0,9,0%,26
knights of fiona release date,0,8,0%,7.12
restory game release date,0,7,0%,4.57
next game play,0,6,0%,2.33
terminator dark fate defiance evolution release date,0,5,0%,6
genshin luna 4 countdown,0,5,0%,10
pizzapocalypse 2,0,4,0%,2.5
april 2026 game releases,0,4,0%,5
thrifty business game,0,4,0%,6.5
upcoming games february 2026,0,4,0%,9.5
tr 49,0,3,0%,4
woman simulator latest,0,3,0%,5.67
resident evil requiem release date february 27 2026 countdown,0,3,0%,7.67
genshin impact luna iv release date,0,3,0%,8
terminator dark fate defiance evolution,0,3,0%,8.33
luna 4 countdown,0,3,0%,9.33
tr 49 game,0,3,0%,9.67
february 2026 game releases,0,2,0%,5
next play game,0,2,0%,5
elemency,0,2,0%,5.5
upcoming arcade games,0,2,0%,5.5
countdown to resident evil requiem,0,2,0%,6
curse chapter: dawnthief,0,2,0%,6
saint slayer game,0,2,0%,6
pripyat 0,0,2,0%,6.5
game release february 2026,0,2,0%,7
athelan battlegrounds,0,2,0%,7.5
elemency island,0,2,0%,7.5
games releasing february 2026,0,2,0%,8
lords of the end times release date,0,2,0%,8.5
prince of persia the sands of time remake,0,2,0%,10.5
ps5 carmageddon rogue shift release date,0,2,0%,16.5
the abyss break,0,2,0%,28
where winds meet the imperial palace release date,0,1,0%,1
tr49 game,0,1,0%,2
dynasty warriors origins dlc,0,1,0%,4
exd extra dimensional,0,1,0%,5
february games 2026,0,1,0%,5
paccarat,0,1,0%,5
raiders of the broken lands,0,1,0%,5
upcoming meta quest 3 games 2026,0,1,0%,5
upcoming rts 2026,0,1,0%,5
armatus release date,0,1,0%,6
gate guard simulator release date,0,1,0%,6
pingbert's snow ride,0,1,0%,6
pinkeep game,0,1,0%,6
directive 8020 release date,0,1,0%,7
ultrapool,0,1,0%,7
animal bakery game,0,1,0%,8
decrepit release date,0,1,0%,9
directive 8020 release date 2026,0,1,0%,9
exd vr game,0,1,0%,9
games releasing feb 2026,0,1,0%,9
may 2026 games,0,1,0%,9
next game date,0,1,0%,9
thrifty business,0,1,0%,9
tomb raider legacy of atlantis release date,0,1,0%,9
abyss break,0,1,0%,10
luna iv date,0,1,0%,10
ontos release,0,1,0%,10
terminator dark fate evolution,0,1,0%,10
dune awakening raiders of the broken lands,0,1,0%,11
games coming out in june 2026,0,1,0%,11
"""resident evil 9"" release date 2026",0,1,0%,12
exd vr,0,1,0%,12
"""resident evil 9"" or ""re9"" release date 2026",0,1,0%,13
carmageddon rogue shift ps5 release date,0,1,0%,20
dino crisis remake,0,1,0%,30