Top pages,Clicks,Impressions,CTR,Position
https://nextplaygame.me/game/resident-evil-9-requiem,1,9,11.11%,5.89
https://nextplaygame.me/game/auto-snakes-in-outer-space,1,7,14.29%,5.86
https://nextplaygame.me/game/terminator-dark-fate-defiance-evolution,1,6,16.67%,6.83
https://nextplaygame.me/platform/playstation-vr2,1,3,33.33%,8
https://nextplaygame.me/game/bingo-betty,1,1,100%,7
https://nextplaygame.me/game/intervoid,1,1,100%,7
https://nextplaygame.me/game/woman-simulator,0,35,0%,7.74
https://nextplaygame.me/game/genshin-impact-version-luna-iv,0,20,0%,9.9
https://nextplaygame.me/game/ontos,0,16,0%,9.81
https://nextplaygame.me/calendar/02,0,12,0%,8.08
https://nextplaygame.me/platform/ios,0,11,0%,7.36
https://nextplaygame.me/game/restory,0,9,0%,4.11
https://nextplaygame.me/genre/arcade,0,7,0%,6.43
https://nextplaygame.me/game/armatus,0,7,0%,8.14
https://nextplaygame.me/game/thrifty-business,0,6,0%,7.17
https://nextplaygame.me/game/the-dark-pictures-directive-8020,0,6,0%,9.33
https://nextplaygame.me/platform/meta-quest-2,0,6,0%,9.5
https://nextplaygame.me/calendar/04,0,5,0%,6.2
https://nextplaygame.me/,0,5,0%,87.8
https://nextplaygame.me/game/vena,0,4,0%,1.25
https://nextplaygame.me/platform/steamvr,0,4,0%,6.5
https://nextplaygame.me/game/starship-troopers-terran-command-the-eradicators,0,4,0%,6.75
https://nextplaygame.me/game/curse-chapter-dawnthief,0,4,0%,7
https://nextplaygame.me/game/dungeons-of-dusk,0,4,0%,7
https://nextplaygame.me/game/chrono-seoul,0,4,0%,8.25
https://nextplaygame.me/game/phantom-blade-zero,0,4,0%,23.5
https://nextplaygame.me/game/vampire-crawlers-the-turbo-wildcard-from-vampire-survivors,0,3,0%,1
https://nextplaygame.me/game/tr-49,0,3,0%,3
https://nextplaygame.me/game/orcs-must-die-by-the-blade,0,3,0%,5.33
https://nextplaygame.me/platform/meta-quest-3,0,3,0%,5.33
https://nextplaygame.me/game/trees-hate-you,0,3,0%,6.67
https://nextplaygame.me/game/orbitals--1,0,3,0%,10.33
https://nextplaygame.me/game/elemency-island,0,3,0%,11.67
https://nextplaygame.me/game/pripyat-0,0,2,0%,1
https://nextplaygame.me/game/catana-red-flowers,0,2,0%,4.5
https://nextplaygame.me/calendar/05,0,2,0%,6.5
https://nextplaygame.me/calendar/06,0,2,0%,7
https://nextplaygame.me/game/knights-of-fiona,0,2,0%,7
https://nextplaygame.me/game/suncraft,0,2,0%,7.5
https://nextplaygame.me/game/pingberts-snow-ride,0,2,0%,8.5
https://nextplaygame.me/genre/turn-based-strategy-tbs,0,2,0%,12
https://nextplaygame.me/genre/real-time-strategy-rts,0,2,0%,12.5
https://nextplaygame.me/game/ultrapool,0,1,0%,1
https://nextplaygame.me/game/pinkeep,0,1,0%,2
https://nextplaygame.me/game/pizzapocalypse-2,0,1,0%,2
https://nextplaygame.me/watchlist,0,1,0%,2
https://nextplaygame.me/game/convenience-store-simulator,0,1,0%,3
https://nextplaygame.me/game/bag-of-dreams,0,1,0%,4
https://nextplaygame.me/genre,0,1,0%,4
https://nextplaygame.me/game/total-war-warhammer-iii-lords-of-the-end-times,0,1,0%,5
https://nextplaygame.me/game/brightfall,0,1,0%,6
https://nextplaygame.me/game/arcane-merchant,0,1,0%,7
https://nextplaygame.me/game/caribbean-legend-age-of-pirates,0,1,0%,7
https://nextplaygame.me/game/deck-of-harvest,0,1,0%,7
https://nextplaygame.me/game/dune-awakening-raiders-of-the-broken-lands,0,1,0%,7
https://nextplaygame.me/game/safo-and-the-moon-warriors,0,1,0%,7
https://nextplaygame.me/game/the-abyss-break,0,1,0%,7
https://nextplaygame.me/my-top-5,0,1,0%,7
https://nextplaygame.me/game/kingdoms-return-time-eating-fruit-and-the-ancient-monster,0,1,0%,8
https://nextplaygame.me/game/shardpunk-2,0,1,0%,8
https://nextplaygame.me/game/exd-extra-dimensional,0,1,0%,10
https://nextplaygame.me/game/gate-guard-simulator,0,1,0%,10
https://nextplaygame.me/calendar/09,0,1,0%,11
https://nextplaygame.me/game/pixplorer,0,1,0%,11
https://nextplaygame.me/game/ride-6,0,1,0%,11
https://nextplaygame.me/calendar/01,0,1,0%,15
https://nextplaygame.me/game/sublustrum,0,1,0%,16
https://nextplaygame.me/platform/nintendo-switch-2,0,1,0%,17
https://nextplaygame.me/game/scraps-of-the-machine,0,1,0%,50