Top queries,Clicks,Impressions,CTR,Position
auto snakes in outer space,1,5,20%,4.8
ps5 vr2 games 2026,1,1,100%,8
woman simulator,0,28,0%,7.96
ontos release date,0,15,0%,9.8
luna 4 countdown,0,8,0%,8
armatus release date,0,6,0%,8.5
"""pripyat 0"" game",0,6,0%,73.17
vena game,0,4,0%,1.25
restory release date,0,4,0%,3.25
dungeons of dusk release date,0,4,0%,7
chrono seoul,0,4,0%,8.25
directive 8020 release date 2026,0,4,0%,10
restory game release date,0,3,0%,4.67
orbitals game release date,0,3,0%,10.33
thrifty business game,0,3,0%,10.33
upcoming games february 2026,0,3,0%,10.33
elemency island,0,3,0%,11.67
vampire crawlers release date,0,2,0%,1
upcoming arcade games,0,2,0%,5.5
ios games 2026,0,2,0%,7
knights of fiona release date,0,2,0%,7
pingberts snow ride,0,2,0%,8.5
genshin luna 4 countdown,0,2,0%,9
catana red flowers release date,0,1,0%,1
tr-49 game,0,1,0%,1
vampire crawlers release,0,1,0%,1
pizzapocalypse 2,0,1,0%,2
tr-49,0,1,0%,3
february 2026 game releases,0,1,0%,5
lords of the end times release date,0,1,0%,5
upcoming ios games 2026,0,1,0%,5
arcade games 2026,0,1,0%,6
armatus game release date,0,1,0%,6
brightfall ps5,0,1,0%,6
countdown to resident evil requiem,0,1,0%,6
terminator dark fate defiance evolution release date,0,1,0%,6
caribbean legend release date,0,1,0%,7
game releases february 2026,0,1,0%,7
raiders of the broken lands,0,1,0%,7
april 2026 games,0,1,0%,8
april 2026 game releases,0,1,0%,9
gate guard simulator release date,0,1,0%,10
games releasing in february 2026,0,1,0%,11
luna 4 release date,0,1,0%,11
luna 4 date,0,1,0%,13
rts games 2026,0,1,0%,16
sublustrum game,0,1,0%,16
phantom blade zero release date,0,1,0%,47